{
  "PAN2025 Validation": {
    "ROC-AUC": 0.9992900748672955,
    "Brier": 0.0021062775584414126,
    "F1": 0.9987018606663782,
    "C@1": 0.9983282251323489,
    "F0.5u": 0.9989612188365651
  },
  "HC3 Wiki": {
    "ROC-AUC": 0.997734017524162,
    "Brier": 0.007584779383486522,
    "F1": 0.991715976331361,
    "C@1": 0.991686460807601,
    "F0.5u": 0.9896079357581483
  },
  "RAID": {
    "ROC-AUC": 0.9973916243939127,
    "Brier": 0.006944900334185054,
    "F1": 0.9919354838709677,
    "C@1": 0.992,
    "F0.5u": 0.9895414320193081
  }
}