{
  "ROC-AUC": 0.997734017524162,
  "Brier": 0.007584779383486522,
  "F1": 0.991715976331361,
  "C@1": 0.991686460807601,
  "F0.5u": 0.9896079357581483
}