{
  "ROC-AUC": 0.9992900748672955,
  "Brier": 0.0021062775584414126,
  "F1": 0.9987018606663782,
  "C@1": 0.9983282251323489,
  "F0.5u": 0.9989612188365651
}