{
  "ROC-AUC": 0.9973916243939127,
  "Brier": 0.006944900334185054,
  "F1": 0.9919354838709677,
  "C@1": 0.992,
  "F0.5u": 0.9895414320193081
}