{
  "metadata": {
    "timestamp": "2026-02-02T21:22:00.890712",
    "models": [
      "DeBERTa",
      "LR",
      "LightGBM"
    ],
    "datasets": [
      "hc3_wiki_processed",
      "raid",
      "turingbench",
      "m4",
      "ghostbuster"
    ],
    "metrics": [
      "ROC-AUC",
      "Brier",
      "F1",
      "C@1",
      "F0.5u"
    ]
  },
  "results": {
    "hc3_wiki_processed": {
      "DeBERTa": {
        "ROC-AUC": 0.5938891114358416,
        "Brier": 0.49393849117059907,
        "F1": 0.002372479240806643,
        "C@1": 0.5005938242280286,
        "F0.5u": 0.00591016548463357
      },
      "LR": {
        "ROC-AUC": 0.5516739919093212,
        "Brier": 0.2706336583946478,
        "F1": 0.6078908913784705,
        "C@1": 0.5219714964370546,
        "F0.5u": 0.5487161449173409
      },
      "LightGBM": {
        "ROC-AUC": 0.33557698275229775,
        "Brier": 0.4415241724773798,
        "F1": 0.5915367483296213,
        "C@1": 0.45546318289786225,
        "F0.5u": 0.5144096684226837
      }
    },
    "raid": {
      "DeBERTa": {
        "ROC-AUC": 0.5878606519338785,
        "Brier": 0.48963098219634216,
        "F1": 0.0,
        "C@1": 0.506,
        "F0.5u": 0.0
      },
      "LR": {
        "ROC-AUC": 0.5726904674273094,
        "Brier": 0.26746749967956696,
        "F1": 0.6334405144694534,
        "C@1": 0.544,
        "F0.5u": 0.5638236977676016
      },
      "LightGBM": {
        "ROC-AUC": 0.3397769278776144,
        "Brier": 0.45074409595744397,
        "F1": 0.5889387144992526,
        "C@1": 0.45,
        "F0.5u": 0.5090439276485789
      }
    },
    "turingbench": {
      "DeBERTa": {
        "ROC-AUC": 0.5660335088252708,
        "Brier": 0.48976724564242785,
        "F1": 0.0,
        "C@1": 0.506,
        "F0.5u": 0.0
      },
      "LR": {
        "ROC-AUC": 0.5448944648029316,
        "Brier": 0.27290463616641414,
        "F1": 0.5855263157894737,
        "C@1": 0.496,
        "F0.5u": 0.5263157894736842
      },
      "LightGBM": {
        "ROC-AUC": 0.320926213374726,
        "Brier": 0.4566935441955967,
        "F1": 0.5641025641025641,
        "C@1": 0.422,
        "F0.5u": 0.489272632129775
      }
    },
    "m4": {
      "DeBERTa": {
        "ROC-AUC": 0.5590556222488996,
        "Brier": 0.48441864858865574,
        "F1": 0.0,
        "C@1": 0.51,
        "F0.5u": 0.0
      },
      "LR": {
        "ROC-AUC": 0.5408563425370148,
        "Brier": 0.272483239305635,
        "F1": 0.5829145728643216,
        "C@1": 0.502,
        "F0.5u": 0.5263157894736842
      },
      "LightGBM": {
        "ROC-AUC": 0.3169747899159664,
        "Brier": 0.4514922190649631,
        "F1": 0.5783132530120482,
        "C@1": 0.44,
        "F0.5u": 0.4997397188964081
      }
    },
    "ghostbuster": {
      "DeBERTa": {
        "ROC-AUC": 0.588925717762726,
        "Brier": 0.5072250858112791,
        "F1": 0.0,
        "C@1": 0.486,
        "F0.5u": 0.0
      },
      "LR": {
        "ROC-AUC": 0.5226817825174936,
        "Brier": 0.27602463149074047,
        "F1": 0.6063492063492063,
        "C@1": 0.504,
        "F0.5u": 0.5460263007432818
      },
      "LightGBM": {
        "ROC-AUC": 0.30118012521817106,
        "Brier": 0.4453258048371006,
        "F1": 0.5997045790251108,
        "C@1": 0.458,
        "F0.5u": 0.5240061951471348
      }
    }
  }
}