{
    "ROC-AUC": 0.5938891114358416,
    "Brier": 0.49393849117059907,
    "F1": 0.002372479240806643,
    "C@1": 0.5005938242280286,
    "F0.5u": 0.00591016548463357
}