{
  "metrics": {
    "ROC-AUC": 0.41623975409836067,
    "Brier": 0.59,
    "F1": 0.528,
    "C@1": 0.41000000000000003,
    "F0.5u": 0.4666289592760181
  },
  "summary": {
    "total_samples": 500,
    "correct": 205,
    "accuracy": 0.41,
    "ai_predictions": 381,
    "human_predictions": 119
  }
}