{
    "ROC-AUC": 0.5519659672423423,
    "Brier": 0.27058078425233956,
    "F1": 0.6078908913784705,
    "C@1": 0.5219714964370546,
    "F0.5u": 0.5487161449173409
}