{
    "ROC-AUC": 0.9980260287817739,
    "Brier": 0.014034889452655413,
    "F1": 0.9865974924340684,
    "C@1": 0.9827249930342714,
    "F0.5u": 0.9863416320885201
}