{
    "ROC-AUC": 0.33557698275229775,
    "Brier": 0.4415241724773798,
    "F1": 0.5915367483296213,
    "C@1": 0.45546318289786225,
    "F0.5u": 0.5144096684226837
}