{
  "PAN2025 Validation": {
    "ROC-AUC": 0.9995049830241184,
    "Brier": 0.0024711080166735194,
    "F1": 0.997624703087886,
    "C@1": 0.9969350794093063,
    "F0.5u": 0.9967207455988955
  },
  "HC3 Wiki": {
    "ROC-AUC": 0.9984978080692392,
    "Brier": 0.004265684241105317,
    "F1": 0.9952380952380953,
    "C@1": 0.9952494061757721,
    "F0.5u": 0.9966618979494516
  },
  "RAID": {
    "ROC-AUC": 0.9964314861340032,
    "Brier": 0.002650227584018661,
    "F1": 0.9979716024340771,
    "C@1": 0.998,
    "F0.5u": 0.9991876523151909
  }
}