{
  "ROC-AUC": 0.9984978080692392,
  "Brier": 0.004265684241105317,
  "F1": 0.9952380952380953,
  "C@1": 0.9952494061757721,
  "F0.5u": 0.9966618979494516
}