{
  "ROC-AUC": 0.9995049830241184,
  "Brier": 0.0024711080166735194,
  "F1": 0.997624703087886,
  "C@1": 0.9969350794093063,
  "F0.5u": 0.9967207455988955
}