{
  "ROC-AUC": 0.9964314861340032,
  "Brier": 0.002650227584018661,
  "F1": 0.9979716024340771,
  "C@1": 0.998,
  "F0.5u": 0.9991876523151909
}